comm_cost,complexity,iff,Language
0.8697030103001444,13,0.6666666666666666,artificial
0.2188263199872233,8,0.5,artificial
0.4651066755722927,14,0.6666666666666666,artificial
0.2492902876010323,13,0.75,artificial
0.4556809610596788,32,0.4,artificial
0.207116273309474,16,1.0,artificial
0.0287583973258049,17,0.25,artificial
0.8531634339097295,22,0.5,artificial
0.8794703272117295,11,0.3333333333333333,artificial
0.967643109028828,14,0.6666666666666666,artificial
0.0730992454863794,10,1.0,artificial
0.1824663204599464,32,0.2,artificial
0.7332582987424706,20,0.5,artificial
0.036061987641448,18,0.3333333333333333,artificial
0.5571768696290891,12,0.0,artificial
0.7201479607860758,4,0.0,artificial
0.8439988662849255,32,0.2,artificial
0.8249128541544255,30,1.0,artificial
0.3363193267934854,2,1.0,artificial
0.7967388039017346,14,0.5,artificial
0.8611753357399415,20,0.0,artificial
0.0767154390429418,26,0.6,artificial
0.4199042588496628,24,0.25,artificial
0.4972513039659675,19,0.75,artificial
0.6405333147890666,25,0.75,artificial
0.2974235150557899,13,1.0,artificial
0.7051077020573474,34,0.6,artificial
0.5548771724940363,12,0.5,artificial
0.2586069303824565,13,0.6666666666666666,artificial
0.009299629072117,10,1.0,artificial
0.0403942363069323,11,0.6666666666666666,artificial
0.9055297137298688,27,1.0,artificial
0.2443113488550278,38,0.2,artificial
0.2246852023782189,30,0.4,artificial
0.2241598256982538,16,0.5,artificial
0.5890501549868424,10,0.0,artificial
0.6407763646504585,38,0.8,artificial
0.8228744062640903,16,0.5,artificial
0.272733510408861,10,0.0,artificial
0.8862757451046408,24,0.4,artificial
0.4248712852320675,16,0.6666666666666666,artificial
0.4463227253211924,13,0.6666666666666666,artificial
0.9603760355111672,18,0.3333333333333333,artificial
0.9509351145595408,30,0.6,artificial
0.2071387781044398,14,0.5,artificial
0.3524247970453371,12,0.0,artificial
0.4014778168880205,32,0.4,artificial
0.5252949012256468,25,0.6,artificial
0.0165871908586896,23,0.6,artificial
0.0874014036838662,3,0.5,artificial
0.328156224625458,21,0.5,artificial
0.1981792836227635,12,0.0,artificial
0.8714639424810651,14,0.5,artificial
0.447770910503612,16,0.6666666666666666,artificial
0.9966810782824076,12,0.5,artificial
0.4390439717319115,24,0.6,artificial
0.8943709872165351,34,0.4,artificial
0.4334155885371727,20,0.4,artificial
0.4035102233355178,21,0.4,artificial
0.1703558084032056,15,0.6666666666666666,artificial
0.7231848651351466,13,0.75,artificial
0.7718822148563013,8,1.0,artificial
0.0731190654923237,14,0.25,artificial
0.2847753763380237,18,0.5,artificial
0.5993974797044627,14,0.5,artificial
0.2072334184027894,30,0.6,artificial
0.2647493948076619,38,0.4,artificial
0.2062506411536779,24,0.2,artificial
0.4725473683833416,13,0.0,artificial
0.0751252581350034,20,0.25,artificial
0.3853710932581624,34,0.4,artificial
0.769081719431686,18,1.0,artificial
0.067637092246844,14,0.5,artificial
0.4772697466126759,16,0.5,artificial
0.979518236330843,13,0.6666666666666666,artificial
0.761725422418866,10,1.0,artificial
0.3181992351791037,12,0.0,artificial
0.1573104758400404,15,0.6666666666666666,artificial
0.6630077729154411,10,0.5,artificial
0.0439556815613679,13,1.0,artificial
0.4333454146011321,14,0.0,artificial
0.2934578758243575,19,0.0,artificial
0.1932714354745009,3,1.0,artificial
0.1689931356119278,10,0.0,artificial
0.1030457471408541,13,0.3333333333333333,artificial
0.3285966222860751,11,0.3333333333333333,artificial
0.0736730640345337,30,0.4,artificial
0.8502341335264438,14,0.5,artificial
0.4677789648496802,26,0.25,artificial
0.0486744372214983,8,0.0,artificial
0.3008509670124131,20,0.4,artificial
0.3044906794832133,18,0.5,artificial
0.5337955815871551,12,1.0,artificial
0.4502400028787144,8,0.0,artificial
0.3104727112725918,15,1.0,artificial
0.5588591856183416,8,0.5,artificial
0.9850934471386682,12,0.0,artificial
0.8131912577652486,15,0.3333333333333333,artificial
0.9988588980970928,26,0.5,artificial
0.821006805668712,24,0.8,artificial
0.174968582862143,12,0.6666666666666666,artificial
0.246577349333768,10,1.0,artificial
0.1510151713557882,18,0.0,artificial
0.8888361505883959,13,1.0,artificial
0.6402930344916744,18,0.6666666666666666,artificial
0.7894163299431004,20,0.3333333333333333,artificial
0.5723557620825821,8,0.0,artificial
0.3711363023002217,12,0.5,artificial
0.358643443059917,18,0.3333333333333333,artificial
0.7819295844760542,23,0.4,artificial
0.8095279841856573,14,1.0,artificial
0.5394403138537598,11,0.0,artificial
0.3578723815572328,9,1.0,artificial
0.4742638472790805,13,0.3333333333333333,artificial
0.3309075858477623,18,0.5,artificial
0.9256993749255342,38,0.8,artificial
0.5925420682649695,13,0.6666666666666666,artificial
0.6362203436994571,13,0.75,artificial
0.1310164396904753,19,0.3333333333333333,artificial
0.8609361276451503,16,0.5,artificial
0.2294556004435971,11,0.5,artificial
0.834792668550896,23,0.4,artificial
0.4500972535487295,10,0.5,artificial
0.3712963339882185,17,0.25,artificial
0.4097341591137442,15,0.0,artificial
0.6328444440029137,14,0.6666666666666666,artificial
0.520551113454869,24,0.75,artificial
0.2464470922824595,6,1.0,artificial
0.4416432270123633,29,0.4,artificial
0.2682165644968196,7,1.0,artificial
0.2478953394069729,14,0.5,artificial
0.1567734697815808,21,0.25,artificial
0.2000535086460209,18,0.5,artificial
0.2355203916739229,14,0.0,artificial
0.8743225206127346,36,0.6,artificial
0.1080545945753571,6,0.0,artificial
0.8775094217714642,5,0.5,artificial
0.5545113084252853,8,1.0,artificial
0.2926959689708859,38,0.4,artificial
0.6545626653421679,14,0.5,artificial
0.6482103170250065,13,0.3333333333333333,artificial
0.6467814556287202,30,0.4,artificial
0.6914489834017575,8,0.0,artificial
0.9542416685971082,10,0.5,artificial
0.5407406646690868,20,0.0,artificial
0.97282112756385,24,1.0,artificial
0.4216088373661861,13,0.6666666666666666,artificial
0.8232422553102028,20,0.6666666666666666,artificial
0.0719817954583595,14,0.3333333333333333,artificial
0.9552109936015056,25,0.4,artificial
0.1231560403228154,18,1.0,artificial
0.5478515295438725,4,0.0,artificial
0.482712995403725,38,1.0,artificial
0.4814618429985982,12,0.0,artificial
0.5137238165899528,26,0.75,artificial
0.3962232618954148,18,0.6666666666666666,artificial
0.4563494743260546,32,0.6,artificial
0.1049226977677996,10,0.6666666666666666,artificial
0.537123080920697,18,0.6,artificial
0.6779356375771438,14,0.3333333333333333,artificial
0.9614593275698744,15,0.3333333333333333,artificial
0.606703633220195,20,0.0,artificial
0.8280760121906898,18,0.5,artificial
0.3772922259099635,6,1.0,artificial
0.8984996993985827,34,0.4,artificial
0.2856581679575996,12,0.5,artificial
0.4959081918215918,14,1.0,artificial
0.4201467527649932,18,0.6666666666666666,artificial
0.4907336664351573,33,0.2,artificial
0.3849984243476386,20,0.3333333333333333,artificial
0.4344440585645233,10,0.5,artificial
0.6408473015691701,24,0.75,artificial
0.916166573100094,26,0.4,artificial
0.5090622460759315,13,0.6666666666666666,artificial
0.709931887119996,12,0.6666666666666666,artificial
0.0401040385010346,34,0.6,artificial
0.0389009121487373,15,0.25,artificial
0.9901569266331948,24,0.6,artificial
0.9444312094425324,12,0.0,artificial
0.902691569669708,22,0.2,artificial
0.7234533385483962,14,0.0,artificial
0.6031996366527742,20,1.0,artificial
0.6570476499692846,12,0.5,artificial
0.8552811470360412,26,0.6,artificial
0.724901777283503,14,0.6666666666666666,artificial
0.1144423184375704,12,0.5,artificial
0.950299180166956,7,0.5,artificial
0.5345565430912184,20,0.5,artificial
0.8177658316882727,4,1.0,artificial
0.2662583921431667,7,0.5,artificial
0.0616501953363455,13,0.0,artificial
0.8688934850588386,30,0.4,artificial
0.6499016864026399,16,0.5,artificial
0.4485161445840105,10,1.0,artificial
0.1882795172733922,13,0.5,artificial
0.6281169038200932,24,0.4,artificial
0.7667281927706732,7,0.3333333333333333,artificial
0.9001977006470678,24,0.4,artificial
0.5412346849282647,6,0.0,artificial
0.9977655155852584,14,0.5,artificial
0.0095933218898354,17,0.2,artificial
0.8449209582821524,19,1.0,artificial
0.2155279539096075,10,0.5,artificial
0.1369881378286358,30,0.4,artificial
0.9317922084262624,11,0.0,artificial
0.3185521755043032,16,0.5,artificial
0.9346610666123824,13,0.6666666666666666,artificial
0.2507457059307378,10,0.5,artificial
0.6009414009453895,28,0.4,artificial
0.9024969350541012,29,0.4,artificial
0.887939277538437,3,1.0,artificial
0.3218099269699491,20,0.5,artificial
0.1166401738083898,8,1.0,artificial
0.5538880381908388,10,0.5,artificial
0.1941897828055901,11,0.6666666666666666,artificial
0.8687212796753183,14,0.3333333333333333,artificial
0.3632945470918494,36,1.0,artificial
0.2167036729192784,36,0.4,artificial
0.4373816444406713,11,0.5,artificial
0.1373158922998765,8,1.0,artificial
0.4183164509926773,16,0.5,artificial
0.2554323705692176,10,0.5,artificial
0.5259740524507067,17,1.0,artificial
0.1317524955337301,20,1.0,artificial
0.0339896540542137,6,0.5,artificial
0.5526635296692316,10,0.5,artificial
0.4471486588863175,20,0.3333333333333333,artificial
0.0139034269393921,32,0.6,artificial
0.2280370830278381,10,0.3333333333333333,artificial
0.1645567251820069,7,1.0,artificial
0.5467174478804422,16,0.0,artificial
0.2375851041957449,17,0.0,artificial
0.5031516193390809,14,0.5,artificial
0.3113758222219234,9,0.0,artificial
0.9714087488145728,9,0.6666666666666666,artificial
0.4025350866914978,16,0.0,artificial
0.5454539542338969,32,0.2,artificial
0.2365658004828963,13,0.3333333333333333,artificial
0.2927890445657239,40,1.0,artificial
0.8985531856340787,22,0.3333333333333333,artificial
0.6439741965698758,12,0.5,artificial
0.2615797167134845,10,0.3333333333333333,artificial
0.848511599588605,14,0.5,artificial
0.1371640139691358,10,0.5,artificial
0.2757597344571156,18,0.0,artificial
0.934869239692333,10,0.5,artificial
0.1543338559122904,10,1.0,artificial
0.9739565131826105,6,0.5,artificial
0.918812734276205,8,1.0,artificial
0.7495238486098522,7,1.0,artificial
0.4938895933336155,28,0.6,artificial
0.3877764392177169,22,0.25,artificial
0.3085504481462098,33,0.8,artificial
0.770818914552846,20,0.5,artificial
0.0125372016159949,12,0.3333333333333333,artificial
0.5958586624137525,17,0.3333333333333333,artificial
0.0328832529148113,30,0.0,artificial
0.5432179282240565,12,0.0,artificial
0.3915222165969473,10,0.5,artificial
0.5144164937223838,11,1.0,artificial
0.5529684906391248,12,0.5,artificial
0.8956743961548478,36,0.6,artificial
0.8606787261709772,9,1.0,artificial
0.2294259744982268,16,1.0,artificial
0.1771405082619613,16,0.6666666666666666,artificial
0.7490548961520441,18,0.3333333333333333,artificial
0.6873782148926211,6,1.0,artificial
0.8957995766024778,34,0.6,artificial
0.5269553474382191,14,1.0,artificial
0.3514636032067477,6,1.0,artificial
0.7861442942451848,14,0.0,artificial
0.9609174522571688,17,0.4,artificial
0.0996538751930722,13,0.6666666666666666,artificial
0.0955220746346247,11,0.5,artificial
0.35432401634068,26,0.25,artificial
0.9155908222971746,30,0.8,artificial
0.0930337731805238,37,0.2,artificial
0.6272849229758152,24,0.2,artificial
0.569477164609884,25,0.6,artificial
0.2144219202499671,12,0.3333333333333333,artificial
0.218770671046369,14,0.3333333333333333,artificial
0.5356180282950413,21,0.0,artificial
0.5427222034528767,16,0.8,artificial
0.0248195897822331,20,0.4,artificial
0.1430248714489306,14,0.5,artificial
0.2806899479010826,16,0.0,artificial
0.6020483777597553,24,0.4,artificial
0.922954019381984,34,0.2,artificial
0.5592471684973047,11,1.0,artificial
0.4661619377795192,5,0.5,artificial
0.5799053019063997,26,0.0,artificial
0.5870669597105211,19,0.6,artificial
0.1149939433702958,6,0.0,artificial
0.8090650597234373,10,0.0,artificial
0.1423003994144864,36,0.6,artificial
0.4245941099890215,6,0.0,artificial
0.907753554186294,2,1.0,artificial
0.349181256580765,18,0.6,artificial
0.0229838196072584,16,0.25,artificial
0.3097354859886237,15,1.0,artificial
0.7090915461407798,10,0.0,artificial
0.3520007345688721,4,0.0,artificial
0.4515635807244842,9,0.5,artificial
0.3647893625615538,12,1.0,artificial
0.9526944923599664,11,0.3333333333333333,artificial
0.4945008868497716,12,0.5,artificial
0.3581163077809048,8,0.0,artificial
0.8443251811183967,34,0.6,artificial
0.882099534623413,10,0.0,artificial
0.826785719926361,28,0.8,artificial
0.2145694562648343,13,0.0,artificial
0.903651354690334,28,0.2,artificial
0.2581562020634843,20,0.3333333333333333,artificial
0.3539373656745145,8,1.0,artificial
0.9990167484834442,10,0.0,artificial
0.2290209182313983,10,0.0,artificial
0.4632856398649322,22,0.6,artificial
0.7079439614614285,11,0.5,artificial
0.0065019331561565,15,0.5,artificial
0.9353546734336696,10,1.0,artificial
0.929560006194748,13,1.0,artificial
0.5155891770857209,15,0.3333333333333333,artificial
0.1708298666873589,11,0.3333333333333333,artificial
0.3821259101455601,12,0.5,artificial
0.6754874342433091,30,0.0,artificial
0.1717901104616181,16,0.5,artificial
0.2223344320869845,8,0.0,artificial
0.7477829151234264,14,0.0,artificial
0.3527715151938824,34,0.6,artificial
0.9840399443693248,12,0.5,artificial
0.1682667906278258,26,0.0,artificial
0.1317737635929857,14,0.0,artificial
0.5372120805526296,22,0.5,artificial
0.945030741039284,6,0.5,artificial
0.2053170094028279,25,0.6,artificial
0.6025916259142523,22,0.6,artificial
0.3674908795887107,32,0.2,artificial
0.3112475702979985,32,0.4,artificial
0.2017116563841434,15,0.6666666666666666,artificial
0.929515105391231,16,0.5,artificial
0.1653202779165545,16,0.5,artificial
0.770451358780795,10,0.3333333333333333,artificial
0.9386024775456018,4,1.0,artificial
0.2335857998039228,16,0.3333333333333333,artificial
0.9893060818612128,10,0.5,artificial
0.444461299103592,10,0.0,artificial
0.6241746747268483,13,0.6666666666666666,artificial
0.2768796754405213,18,0.0,artificial
0.5921261926450745,14,0.0,artificial
0.479075452861354,16,0.5,artificial
0.9765133097512002,20,0.3333333333333333,artificial
0.6222282004703495,42,0.0,artificial
0.1077166273732711,14,1.0,artificial
0.1378247769075899,12,1.0,artificial
0.558556107249586,14,0.5,artificial
0.9845527222349164,14,0.5,artificial
0.1678864568746668,22,0.3333333333333333,artificial
0.3431794126124561,18,0.0,artificial
0.1447862745088375,10,0.5,artificial
0.0293868304639127,42,0.6,artificial
0.8690295379571151,22,0.3333333333333333,artificial
0.3666546064614534,12,1.0,artificial
0.9922061471189556,10,0.5,artificial
0.7908030555161389,10,0.0,artificial
0.4783076970923162,28,0.6,artificial
0.1991085257639624,12,1.0,artificial
0.4820580409070213,18,0.3333333333333333,artificial
0.6976202957947414,13,0.3333333333333333,artificial
0.0821498093521261,27,0.4,artificial
0.910385630500144,3,1.0,artificial
0.6902006996078697,18,0.5,artificial
0.5701731274342766,20,0.5,artificial
0.0766720416402523,12,0.3333333333333333,artificial
0.3183527334618135,10,0.0,artificial
0.5111830049433999,28,0.6,artificial
0.4466445303667303,8,0.0,artificial
0.9498323641041474,10,0.5,artificial
0.2646356820563806,20,0.8,artificial
0.816612997201934,21,0.0,artificial
0.9699322837772598,12,1.0,artificial
0.8916202933895367,32,0.2,artificial
0.8912084727476339,20,0.6666666666666666,artificial
0.13843254745658,34,0.8,artificial
0.2649322186443655,18,0.25,artificial
0.4348178271149003,8,0.5,artificial
0.4458782251705362,34,0.8,artificial
0.2143511181789275,17,0.25,artificial
0.4280865633491746,12,0.5,artificial
0.6914008883928816,8,1.0,artificial
0.6470862333213816,16,0.3333333333333333,artificial
0.0226406656877653,6,1.0,artificial
0.5395719765121476,10,0.5,artificial
0.2309351844553364,11,0.3333333333333333,artificial
0.7359432388344211,32,0.4,artificial
0.1347223387365851,17,0.3333333333333333,artificial
0.0435640341430205,24,0.6666666666666666,artificial
0.512737536266111,12,1.0,artificial
0.6809448659933637,13,0.6666666666666666,artificial
0.3669551725840801,13,0.0,artificial
0.0996130103481544,25,0.25,artificial
0.1298106790262635,14,0.0,artificial
0.8052414537353524,20,0.5,artificial
0.5757276647641876,40,0.2,artificial
0.2470372593774408,18,0.5,artificial
0.7286228386228377,26,0.6,artificial
0.5875668749460834,14,0.6666666666666666,artificial
0.0117894996567161,26,0.8,artificial
0.0893946727764577,16,0.3333333333333333,artificial
0.0863464030483112,18,1.0,artificial
0.1195026411070949,17,0.0,artificial
0.127377647638936,17,0.5,artificial
0.8282537304343967,33,0.0,artificial
0.4982058103394422,9,0.75,artificial
0.1134381824513477,12,0.5,artificial
0.4159245715142825,15,0.5,artificial
0.2843753894590127,34,0.0,artificial
0.7639262548432532,18,0.6666666666666666,artificial
0.3458648180264314,14,0.0,artificial
0.2590901651837639,12,0.0,artificial
0.1361612974507919,17,0.0,artificial
0.1599282283670499,14,0.0,artificial
0.8585537985695307,12,0.5,artificial
0.71716880202691,24,0.75,artificial
0.1211169125398918,10,0.5,artificial
0.4231778866461091,7,0.5,artificial
0.6753616256344651,20,0.0,artificial
0.1448388828003883,10,0.5,artificial
0.5516998109308424,26,0.6,artificial
0.208691433821853,18,1.0,artificial
0.2041522158905192,18,0.5,artificial
0.6175473569082319,8,1.0,artificial
0.3040828932932257,16,1.0,artificial
0.7817644794179043,25,0.5,artificial
0.3173383495628696,5,0.5,artificial
0.0143765791126495,27,0.4,artificial
0.7941229952593208,24,0.6,artificial
0.930266084474284,15,0.3333333333333333,artificial
0.6894081858614619,12,0.6666666666666666,artificial
0.7359595633258381,7,0.5,artificial
0.8318965540563963,8,0.5,artificial
0.1341200457465264,6,0.0,artificial
0.6668617597500758,11,0.6666666666666666,artificial
0.937540714739208,6,1.0,artificial
0.1311422088800378,18,0.5,artificial
0.3027846576062072,8,0.5,artificial
0.8492923542330644,30,0.6,artificial
0.7843069114466107,11,0.0,artificial
0.1657600975874003,11,0.6666666666666666,artificial
0.6306217982870732,14,0.6,artificial
0.7343108732335102,14,0.5,artificial
0.3888708643908438,24,0.6,artificial
0.5754544759540414,12,1.0,artificial
0.9400264608271798,29,0.4,artificial
0.2103434586426835,18,0.6666666666666666,artificial
0.5856001982826745,6,0.0,artificial
0.0879545185030269,23,0.6,artificial
0.7773164169147454,6,1.0,artificial
0.3847582378588123,34,0.8,artificial
0.6317722849202401,36,0.2,artificial
0.0715838917133059,38,0.6,artificial
0.9529329649351176,12,0.0,artificial
0.4792935174082426,14,0.3333333333333333,artificial
0.7124347137295618,14,0.5,artificial
0.4862926300931912,10,1.0,artificial
0.8056196026982289,18,0.5,artificial
0.9732052422697572,12,0.0,artificial
0.5925127084239127,8,0.0,artificial
0.2830079771772513,44,0.4,artificial
0.0495678588171271,26,0.2,artificial
0.7296970199965579,18,0.6666666666666666,artificial
0.356256921688918,29,0.2,artificial
0.950813721845102,18,0.5,artificial
0.1513907718774141,13,1.0,artificial
0.9316075357972112,36,0.2,artificial
0.3223884983757197,14,0.5,artificial
0.7880955696234617,23,0.4,artificial
0.2938788103188312,20,0.25,artificial
0.7042937067605234,12,0.5,artificial
0.5111275224953074,12,0.5,artificial
0.7009570936243664,23,0.2,artificial
0.7596620349740035,8,0.5,artificial
0.0651479034390422,20,0.75,artificial
0.4832925924107401,16,0.5,artificial
0.6774039858530985,7,0.5,artificial
0.927425226708692,32,0.6,artificial
0.9167383486857268,18,0.0,artificial
0.9614007580114692,6,1.0,artificial
0.6983548523680089,22,0.5,artificial
0.7540212565386161,12,1.0,artificial
0.0996260499619209,4,0.5,artificial
0.9575827659171832,8,0.5,artificial
0.9720155195029064,26,0.6666666666666666,artificial
0.9529255400733864,16,0.5,artificial
0.7035309883784823,12,0.5,artificial
0.9578041316232188,11,0.3333333333333333,artificial
0.3998860046510845,20,0.6666666666666666,artificial
0.8897643003580714,11,0.6666666666666666,artificial
0.429312920590725,10,0.5,artificial
0.8983167860461507,24,0.75,artificial
0.2923316367762204,8,0.5,artificial
0.6283275641970568,20,0.6666666666666666,artificial
0.1906384306016852,28,1.0,artificial
0.980411610973822,7,0.0,artificial
0.3341657892030648,12,0.5,artificial
0.6465009273514863,16,0.6666666666666666,artificial
0.1400111322682313,16,0.0,artificial
0.5106103193375949,11,0.5,artificial
0.9457746916620712,34,0.8,artificial
0.2330457188287812,21,0.3333333333333333,artificial
0.6370500925642536,18,0.5,artificial
0.0465698057501055,13,0.3333333333333333,artificial
0.4833638785233031,23,0.75,artificial
0.2063192118402289,5,0.5,artificial
0.3311719962428595,24,0.25,artificial
0.6545819250502043,12,0.0,artificial
0.5834750208126809,11,0.3333333333333333,artificial
0.123820558755287,20,1.0,artificial
0.4526941163468921,25,0.4,artificial
0.5861599358809501,12,0.6666666666666666,artificial
0.2744396334811663,12,1.0,artificial
0.3806502690173305,10,0.0,artificial
0.5335691595137221,18,0.0,artificial
0.0662761660237523,32,0.6,artificial
0.0111132064707828,10,0.5,artificial
0.0851524013436985,6,1.0,artificial
0.4039962431825227,11,0.3333333333333333,artificial
0.4508731745495642,14,0.5,artificial
0.8791228148681103,17,0.6666666666666666,artificial
0.0217039673886116,18,1.0,artificial
0.2560165844633371,12,1.0,artificial
0.6122505828661577,4,1.0,artificial
0.1819981532406775,22,0.6666666666666666,artificial
0.7661896025993069,12,1.0,artificial
0.7991541497008747,16,0.25,artificial
0.3291141623161668,20,0.3333333333333333,artificial
0.6592954509543656,18,0.3333333333333333,artificial
0.3998798997835382,21,0.25,artificial
0.7898792606717906,38,0.8,artificial
0.4835111028081329,12,1.0,artificial
0.316391703409741,18,0.8,artificial
0.2874520162879601,11,0.0,artificial
0.3358589315201332,22,0.75,artificial
0.3431963514853592,20,0.5,artificial
0.0826011439696708,32,0.4,artificial
0.4876601743787866,16,0.3333333333333333,artificial
0.904552735386601,2,0.0,artificial
0.5400357856322848,26,0.0,artificial
0.732332135596024,8,1.0,artificial
0.0647910444723555,17,0.25,artificial
0.50118387923911,16,0.5,artificial
0.9554799267515082,16,0.5,artificial
0.6189761099503768,28,0.6,artificial
0.0565494543311173,10,0.5,artificial
0.6460294340488629,8,1.0,artificial
0.8543581624551304,31,0.4,artificial
0.0631122264223477,12,1.0,artificial
0.6394197894458125,24,0.6,artificial
0.5884475110318678,14,0.6666666666666666,artificial
0.9897362670112336,6,0.0,artificial
0.3297650222299675,30,0.8,artificial
0.3620580040789816,13,0.3333333333333333,artificial
0.5141359525620531,30,0.4,artificial
0.667815797014129,12,0.0,artificial
0.5532008950239174,16,0.5,artificial
0.2692255909193601,14,0.6666666666666666,artificial
0.7711076606267424,36,0.4,artificial
0.0138931353495247,14,0.5,artificial
0.4477439893462854,16,1.0,artificial
0.0831562667030479,11,1.0,artificial
0.7772032056289679,11,0.3333333333333333,artificial
0.3422253601526347,36,0.4,artificial
0.5677816440649953,16,0.6666666666666666,artificial
0.3464383130204727,28,0.6,artificial
0.6906976882717261,16,0.5,artificial
0.1319041440181735,16,1.0,artificial
0.2589793977781454,28,0.6,artificial
0.3200327544073038,18,0.0,artificial
0.949352562478103,12,0.5,artificial
0.5634019675909583,34,0.8,artificial
0.2724186168990837,24,0.6,artificial
0.8667075196887327,14,0.5,artificial
0.6840372985005513,25,0.6,artificial
0.0136879691689136,20,1.0,artificial
0.7361964755312244,34,0.8,artificial
0.0433101266514861,17,0.6666666666666666,artificial
0.0895856582172811,24,0.75,artificial
0.8526846869831926,4,0.5,artificial
0.6336094566440404,15,0.6666666666666666,artificial
0.959340505960654,6,0.0,artificial
0.9397265485026882,36,0.6,artificial
0.2042413575119381,16,0.6666666666666666,artificial
0.8706170934866327,22,0.2,artificial
0.2574072324573921,14,0.0,artificial
0.3800230361344399,22,0.6,artificial
0.0158919010809168,22,0.0,artificial
0.0437564544715086,8,0.0,artificial
0.6140955052719353,12,0.5,artificial
0.0912417166852934,22,0.6666666666666666,artificial
0.6094384102159826,9,0.0,artificial
0.4458157198414351,9,1.0,artificial
0.8481286001279057,16,0.0,artificial
0.2133742607787657,24,0.6,artificial
0.3023416537346026,13,0.3333333333333333,artificial
0.7600773499476133,22,0.25,artificial
0.4748555305713119,16,1.0,artificial
0.4165567040923035,14,0.5,artificial
0.8460048457933032,13,0.5,artificial
0.7791880160184057,10,0.0,artificial
0.4115516788360874,6,0.0,artificial
0.6660927451586083,21,0.75,artificial
0.9328871526656086,30,0.8,artificial
0.960914305077202,20,0.0,artificial
0.5948656338635168,32,0.4,artificial
0.2485647463346674,12,0.3333333333333333,artificial
0.3486704017466471,18,0.6666666666666666,artificial
0.0194366458869407,12,0.0,artificial
0.5615272105437805,10,0.0,artificial
0.9573745903489064,9,0.3333333333333333,artificial
0.5895372477738957,10,0.0,artificial
0.6061629567679313,12,0.5,artificial
0.7649581657318288,10,0.0,artificial
0.653664700979778,9,0.3333333333333333,artificial
0.5309077244420156,15,0.3333333333333333,artificial
0.9243117858755378,25,0.0,artificial
0.9138807689591276,14,0.3333333333333333,artificial
0.3150968041336187,12,0.0,artificial
0.5150991865902909,6,1.0,artificial
0.2953198517268754,6,0.5,artificial
0.9817282393043784,17,0.0,artificial
0.0844686596565876,16,0.3333333333333333,artificial
0.1437798265996129,42,0.6,artificial
0.931699722459044,36,0.6,artificial
0.4048178962064722,30,0.2,artificial
0.7656106099846522,12,0.5,artificial
0.8673363780966189,12,0.5,artificial
0.0800315643972864,17,0.3333333333333333,artificial
0.3076454588010266,26,0.5,artificial
0.4117413663324226,14,1.0,artificial
0.7304024451467391,30,0.4,artificial
0.2793762327316007,19,0.4,artificial
0.9332250810407527,28,0.6,artificial
0.7270456424075575,19,0.75,artificial
0.1132584559217054,12,0.0,artificial
0.4711323122574666,8,0.0,artificial
0.6001521509356282,10,0.5,artificial
0.664493456032898,44,0.4,artificial
0.9734666815606174,8,0.5,artificial
0.8079500531230573,16,0.5,artificial
0.9850503441572588,23,0.4,artificial
0.8236856792291475,6,0.0,artificial
0.4201826259830782,26,0.4,artificial
0.7130926883279973,6,1.0,artificial
0.5874730379657257,30,0.8,artificial
0.1593899349722142,16,0.5,artificial
0.6649469710244763,10,0.5,artificial
0.3926019299603482,16,0.5,artificial
0.9546643136114756,14,1.0,artificial
0.4500790682396417,6,1.0,artificial
0.6176618685674158,14,0.5,artificial
0.8263842646305799,17,0.5,artificial
0.7773401648447519,21,0.75,artificial
0.4667707255305636,24,1.0,artificial
0.2260821423298989,12,0.5,artificial
0.5053248613793122,22,0.5,artificial
0.0182175618804256,15,0.25,artificial
0.204585378419045,23,0.25,artificial
0.0444732942484604,18,0.5,artificial
0.8131664337588412,21,0.4,artificial
0.1129986873565087,5,0.5,artificial
0.2255807746071766,18,1.0,artificial
0.9976189403555558,10,0.5,artificial
0.6016346609125932,11,0.0,artificial
0.6718261198099325,16,0.5,artificial
0.5192795342355664,7,0.0,artificial
0.2008917271328909,17,0.5,artificial
0.6320908345051837,14,0.5,artificial
0.5901387731731688,21,0.2,artificial
0.0209470465986885,23,0.6,artificial
0.6116166928650527,22,0.6,artificial
0.5353364280175781,18,1.0,artificial
0.7295637415783126,28,0.2,artificial
0.8831815004405098,18,0.6,artificial
0.0556847088579371,16,0.75,artificial
0.4481922710462561,8,0.5,artificial
0.1641529039242315,12,0.5,artificial
0.3985924507524555,8,0.5,artificial
0.9662372348657609,12,0.5,artificial
0.5809520151249994,34,0.8,artificial
0.7593685264495748,16,0.5,artificial
0.5354366654202812,18,0.0,artificial
0.669946010417727,8,0.0,artificial
0.223707106558795,30,0.6,artificial
0.4547766692269788,26,0.4,artificial
0.1331079828940731,34,0.6,artificial
0.251599497110309,10,1.0,artificial
0.8027679173294475,10,0.5,artificial
0.6480156392879863,14,0.3333333333333333,artificial
0.9576992181873972,8,1.0,artificial
0.5844963273198027,17,0.5,artificial
0.0602820018932014,15,0.3333333333333333,artificial
0.548816553126099,10,0.0,artificial
0.5363362336460675,19,0.6666666666666666,artificial
0.1459220835762265,20,0.0,artificial
0.2152217376355119,17,0.3333333333333333,artificial
0.6104427498545432,12,0.0,artificial
0.8016799842229262,8,1.0,artificial
0.9684470971802632,7,0.3333333333333333,artificial
0.3493336240139318,6,1.0,artificial
0.2361950326809118,10,0.5,artificial
0.7078656624831635,40,0.2,artificial
0.6691909403809766,17,0.6666666666666666,artificial
0.814078116213384,40,0.2,artificial
0.0014287297064283,24,0.4,artificial
0.7657350518926305,6,0.5,artificial
0.4421603241588074,20,0.5,artificial
0.3362126234433414,14,0.5,artificial
0.6398866641660463,15,0.0,artificial
0.1977333622517404,13,0.6666666666666666,artificial
0.876639363474183,12,0.0,artificial
0.6439790243856958,26,0.0,artificial
0.5909375924261248,12,0.0,artificial
0.958887843392568,26,0.8,artificial
0.2054434994306032,6,0.0,artificial
0.3688819671292235,13,0.3333333333333333,artificial
0.0578113857991861,6,1.0,artificial
0.3450525414252047,18,0.8,artificial
0.9284530311242144,24,0.4,artificial
0.9446919503037868,10,0.5,artificial
0.2555340265334923,3,0.5,artificial
0.844860604442051,20,0.6666666666666666,artificial
0.4766817099619272,20,0.6,artificial
0.4449615192962225,8,1.0,artificial
0.4007969999397746,17,0.3333333333333333,artificial
0.5299129717567475,29,0.4,artificial
0.6788481002978811,10,0.0,artificial
0.098109480251493,12,0.5,artificial
0.0432828330680614,13,0.6666666666666666,artificial
0.0928915332025986,20,0.75,artificial
0.3983934567264658,28,0.8,artificial
0.268975378749878,4,0.0,artificial
0.4361930844183023,14,0.0,artificial
0.4580765616492226,26,0.6,artificial
0.8483491656755386,28,0.6,artificial
0.6494178798323278,10,0.0,artificial
0.5334442184637334,10,0.5,artificial
0.8586413520259413,7,0.0,artificial
0.5905893296490031,24,0.8,artificial
0.8623686611040277,10,0.5,artificial
0.7930235865774237,26,1.0,artificial
0.4121807215236462,19,0.6666666666666666,artificial
0.5030866092811693,14,1.0,artificial
0.3241079001935195,23,0.5,artificial
0.2752619221885695,30,0.8,artificial
0.7100988454862295,17,0.6666666666666666,artificial
0.5204350565667857,2,1.0,artificial
0.484019785452253,13,0.0,artificial
0.3464719766576714,11,0.3333333333333333,artificial
0.4933742304709287,16,0.6666666666666666,artificial
0.8439112848026248,16,0.6666666666666666,artificial
0.914933166823282,14,1.0,artificial
0.1909297042532133,4,0.5,artificial
0.4628844612389647,17,0.25,artificial
0.4885848051150683,18,0.4,artificial
0.5559440466525223,17,0.6666666666666666,artificial
0.7722805030137189,10,0.5,artificial
0.3722425300225782,10,1.0,artificial
0.1201318398982574,13,0.6666666666666666,artificial
0.9285151643799132,10,0.6666666666666666,artificial
0.4011656400743774,6,0.0,artificial
0.6087242422853749,12,0.5,artificial
0.2254774678445146,26,0.4,artificial
0.2659130066046542,28,0.6,artificial
0.54017955709373,12,0.5,artificial
0.4550793713085973,17,1.0,artificial
0.593456522498865,8,0.5,artificial
0.7532411089172207,17,0.6666666666666666,artificial
0.2290787785298547,22,0.5,artificial
0.7671345538343675,12,0.5,artificial
0.852238157817149,9,0.3333333333333333,artificial
0.6790434568915137,7,0.5,artificial
0.1197307634095021,11,0.5,artificial
0.957452926116003,12,1.0,artificial
0.3871808961177646,3,0.5,artificial
0.0947375514083017,12,1.0,artificial
0.2822392906619525,12,1.0,artificial
0.8548162824490484,20,0.75,artificial
0.6345321075309115,12,0.5,artificial
0.1618586059194652,14,0.5,artificial
0.4193601715343545,21,0.6,artificial
0.6263747450277439,9,0.3333333333333333,artificial
0.5954797813377176,32,0.2,artificial
0.6392556407212391,34,0.2,artificial
0.3365741512579855,22,0.0,artificial
0.8520538696005027,4,0.0,artificial
0.3146996637130481,14,1.0,artificial
0.561174625224841,13,0.3333333333333333,artificial
0.9401037981953674,11,0.5,artificial
0.1702894477906181,15,1.0,artificial
0.8068608134142632,26,0.6,artificial
0.2891318698660005,12,0.5,artificial
0.9163651461566016,22,0.3333333333333333,artificial
0.238775210863523,34,0.6,artificial
0.9648385507972806,12,1.0,artificial
0.7150134795235935,16,0.6666666666666666,artificial
0.2582545650499903,16,0.5,artificial
0.2668537519904381,6,0.5,artificial
0.2153253832421052,6,0.5,artificial
0.4699848643557289,16,0.6666666666666666,artificial
0.9469999695644894,15,1.0,artificial
0.7184605297246625,12,0.0,artificial
0.6577480501224968,14,0.5,artificial
0.4758254209514001,11,1.0,artificial
0.2838773716792622,16,0.5,artificial
0.6514808377419056,21,0.4,artificial
0.4637892326924586,8,0.0,artificial
0.5120383337593035,12,0.5,artificial
0.546026917675563,23,0.5,artificial
0.3763361104736438,14,0.0,artificial
0.6145845145505343,8,0.5,artificial
0.060724477877014,18,0.75,artificial
0.8680482670423179,8,0.0,artificial
0.0243504375655094,10,0.0,artificial
0.7785261442231677,44,0.2,artificial
0.1397373742325017,10,1.0,artificial
0.1170325562303929,26,0.8,artificial
0.5071721700264225,5,0.5,artificial
0.6789940080168395,28,0.6,artificial
0.5518116173810417,20,0.0,artificial
0.2515030573109502,22,0.25,artificial
0.8387505170247543,9,1.0,artificial
0.9032930769213676,17,0.6666666666666666,artificial
0.9993984702350648,10,1.0,artificial
0.3711682113432563,23,0.4,artificial
0.2590336439234615,4,0.0,artificial
0.3165070581642391,8,0.0,artificial
0.2870230480801639,19,0.6666666666666666,artificial
0.140438418880477,20,0.6666666666666666,artificial
0.9210806770658336,14,0.6666666666666666,artificial
0.2645882724363272,18,0.6666666666666666,artificial
0.9501746550774092,34,0.6,artificial
0.9087378157482464,8,0.5,artificial
0.5275987475504276,8,0.5,artificial
0.1634087807810461,12,0.0,artificial
0.4796965616976424,6,0.5,artificial
0.6171962516026321,14,0.0,artificial
0.3691366081542415,16,0.0,artificial
0.5223179537912536,16,0.3333333333333333,artificial
0.0273860017860111,16,0.5,artificial
0.8462231431204823,18,0.6666666666666666,artificial
0.1328474111481662,27,0.25,artificial
0.8735045991287924,20,0.25,artificial
0.7529343084574054,10,0.0,artificial
0.5555529601690957,12,0.5,artificial
0.966605263677256,10,0.5,artificial
0.6941452690086488,21,0.25,artificial
0.0037414652284005,10,0.0,artificial
0.7675672378952455,10,0.0,artificial
0.4589372530775839,14,1.0,artificial
0.4935549670516229,12,1.0,artificial
0.1408183235100105,24,0.4,artificial
0.2246121152076348,16,1.0,artificial
0.7474169017885502,8,1.0,artificial
0.0976906905685351,9,1.0,artificial
0.4912874131480448,10,1.0,artificial
0.328986122652981,7,0.0,artificial
0.6858737709689782,24,0.75,artificial
0.774493089255924,20,0.8,artificial
0.5042936511551753,12,1.0,artificial
0.5189992632580486,13,0.6666666666666666,artificial
0.5348923499691338,24,0.75,artificial
0.0020742028386573,14,0.5,artificial
0.6041866430651883,15,0.3333333333333333,artificial
0.5875741521467562,17,0.75,artificial
0.2607167359359656,20,0.6666666666666666,artificial
0.14951017967568,32,0.4,artificial
0.8596716330545915,6,1.0,artificial
0.5094752846006204,25,1.0,artificial
0.1802230227690012,32,0.6,artificial
0.1734038957298624,14,0.0,artificial
0.5362880026779806,24,0.8,artificial
0.0352225986417098,22,0.6666666666666666,artificial
0.5055777395400687,14,1.0,artificial
0.7761398571194285,14,0.3333333333333333,artificial
0.548096929417438,8,0.0,artificial
0.9251221511374385,16,0.3333333333333333,artificial
0.5462128041410866,16,1.0,artificial
0.4902476530365738,8,0.5,artificial
0.6238604890431922,12,0.5,artificial
0.6988521718231459,18,0.5,artificial
0.9583045292056273,18,0.3333333333333333,artificial
0.5722406536424557,24,0.4,artificial
0.7803816568162965,16,0.5,artificial
0.3980928189127907,8,1.0,artificial
0.3685910242020751,28,0.6,artificial
0.5664210205310983,15,0.6,artificial
0.9299947333727352,28,0.6666666666666666,artificial
0.8675393879123852,32,0.4,artificial
0.4309115621387371,20,1.0,artificial
0.7822355620857292,16,0.3333333333333333,artificial
0.6221600315446947,8,0.5,artificial
0.7806076951431332,17,0.3333333333333333,artificial
0.9868489906830564,20,0.3333333333333333,artificial
0.7201677100922059,12,0.3333333333333333,artificial
0.0595074628333309,8,1.0,artificial
0.6652425312413712,12,1.0,artificial
0.9719972727733256,8,0.0,artificial
0.5135770018470754,2,0.0,artificial
0.2215250965712305,6,0.0,artificial
0.4853907223475915,13,0.3333333333333333,artificial
0.5124844983573456,22,1.0,artificial
0.1377917060869236,23,0.5,artificial
0.3916990168421906,13,0.3333333333333333,artificial
0.6944952239613393,6,1.0,artificial
0.0167999045306229,22,0.3333333333333333,artificial
0.9946976009659004,7,0.0,artificial
0.9113903539030824,8,1.0,artificial
0.7214578109898445,7,0.0,artificial
0.2637054433407798,38,0.6,artificial
0.5841334708532772,22,0.5,artificial
0.573428385353386,10,0.0,artificial
0.4564271161917069,15,0.5,artificial
0.0868024178673769,10,0.5,artificial
0.8760345982385311,21,0.4,artificial
0.0050373595005976,13,0.6666666666666666,artificial
0.092595427402307,8,1.0,artificial
0.6556157033112767,16,0.0,artificial
0.6817899834777166,7,0.5,artificial
0.7835576945528854,6,1.0,artificial
0.8329518883938921,7,0.0,artificial
0.7168880637205708,15,0.6666666666666666,artificial
0.0371842788690134,10,0.5,artificial
0.2883950368833828,14,0.5,artificial
0.6105294512730142,32,0.6,artificial
0.6681236573237124,20,0.6666666666666666,artificial
0.4705589477700738,30,0.6,artificial
8.002741252233214e-06,32,0.6,artificial
0.0529408777610099,30,0.8,artificial
0.0892561318195275,12,0.0,artificial
0.8852716853230077,10,0.0,artificial
0.5734913712247409,31,0.4,artificial
0.3482577700814475,12,0.6666666666666666,artificial
0.5303346281288678,36,0.4,artificial
0.5584764600617191,20,0.6,artificial
0.3148259810671666,34,0.8,artificial
0.4228763755239697,12,1.0,artificial
0.3555156384856828,6,0.0,artificial
0.9199960818456144,11,0.0,artificial
0.6290676982299463,5,0.5,artificial
0.3606430100433817,8,0.5,artificial
0.3901164093947494,17,0.3333333333333333,artificial
0.2536210071881086,8,1.0,artificial
0.1314323721741795,16,0.6666666666666666,artificial
0.8848203774213652,8,1.0,artificial
0.6124285559459842,12,1.0,artificial
0.8770259844165131,15,0.0,artificial
0.6507562097160352,12,1.0,artificial
0.7388143530499529,6,0.0,artificial
0.6731694157853758,14,0.5,artificial
0.9719730674645572,12,0.5,artificial
0.2200498092401825,18,1.0,artificial
0.1424063322585912,13,0.3333333333333333,artificial
0.8708631512159487,7,1.0,artificial
0.8282621944546975,16,0.0,artificial
0.8789518787852383,14,0.5,artificial
0.5026541424898389,16,1.0,artificial
0.9961765658619292,21,0.75,artificial
0.4500878508640052,19,0.5,artificial
0.5222880002775055,14,0.0,artificial
0.3366262406792257,17,0.5,artificial
0.7134745368603639,40,0.4,artificial
0.3952986151664687,19,0.3333333333333333,artificial
0.9375359131879032,13,0.3333333333333333,artificial
0.5947129492278084,16,1.0,artificial
0.3423831800625408,10,0.5,artificial
0.0725020857604076,28,0.5,artificial
0.4514445636658452,6,1.0,artificial
0.8962614925830045,18,0.6666666666666666,artificial
0.7738860354865851,13,0.3333333333333333,artificial
0.9013679934633384,15,0.6666666666666666,artificial
0.3507230453939045,12,0.5,artificial
0.9597731146688366,12,0.5,artificial
0.091253415238551,18,0.5,artificial
0.4321087641639678,7,1.0,artificial
0.9804306248927216,8,1.0,artificial
0.5366493866960734,6,1.0,artificial
0.0160310173599097,14,1.0,artificial
0.5222986916952831,28,0.8,artificial
0.1667331437683423,22,0.75,artificial
0.3029260924305735,18,0.4,artificial
0.30622779232557,18,0.5,artificial
0.5521156256035932,19,0.3333333333333333,artificial
0.3131967554931462,12,0.3333333333333333,artificial
0.3278759003235624,16,0.5,artificial
0.4471948562901426,20,0.6666666666666666,artificial
0.4233602773675252,20,0.25,artificial
0.8979807564103776,10,0.0,artificial
0.0460052805813622,14,0.3333333333333333,artificial
0.9275577551592455,14,0.5,artificial
0.2487312601913618,6,0.5,artificial
0.8841892801849527,6,1.0,artificial
0.7665315561783732,16,1.0,artificial
0.6943172137828875,10,1.0,artificial
0.3319010381608493,10,0.5,artificial
0.955641865950884,16,0.5,artificial
0.9127268292956084,5,0.0,artificial
0.9051052239156409,12,0.5,artificial
0.8199403550148932,32,0.4,artificial
0.8347081656975884,13,0.3333333333333333,artificial
0.219676624375202,12,1.0,artificial
0.6704064201722192,22,0.4,artificial
0.6842079918366428,18,0.25,artificial
0.5060995344913385,3,1.0,artificial
0.4889829505914778,15,0.3333333333333333,artificial
0.0344884457472715,18,0.2,artificial
0.7160403844997565,44,0.2,artificial
0.5404254903750193,14,0.0,artificial
0.7863302924191508,22,0.6,artificial
0.668896510776614,32,0.4,artificial
0.179589306084365,15,0.3333333333333333,artificial
0.8703774376027373,32,0.8,artificial
0.3980739100032238,26,0.0,artificial
0.038435941190921,10,0.3333333333333333,artificial
0.9786556472193272,36,1.0,artificial
0.3931668574887804,14,0.3333333333333333,artificial
0.6113361886260482,6,0.0,artificial
0.8046111235198998,32,0.0,artificial
0.3587390419378722,12,0.0,artificial
0.4384375379484668,15,0.6666666666666666,artificial
0.1577333347841794,12,1.0,artificial
0.2241300307466892,22,0.8,artificial
0.3838204915669342,16,0.5,artificial
0.1564434661931895,9,0.5,artificial
0.3561907266269398,6,1.0,artificial
0.2452529958152841,10,0.6666666666666666,artificial
0.5950887977557257,17,0.6666666666666666,artificial
0.3140057618833751,14,0.0,artificial
0.1822295736559301,26,0.75,artificial
0.8826048383206544,32,0.8,artificial
0.9865730134783884,10,0.5,artificial
0.1704579753215674,16,0.5,artificial
0.2668523933515213,12,1.0,artificial
0.8663003514432618,13,0.6666666666666666,artificial
0.367953371630202,22,0.3333333333333333,artificial
0.8147342397839695,12,1.0,artificial
0.53268280461546,32,0.8,artificial
0.1520245008185295,11,0.6666666666666666,artificial
0.5988808921372011,22,0.3333333333333333,artificial
0.4576299408510684,14,0.0,artificial
0.1529635239485451,8,1.0,artificial
0.6113752106441144,14,0.5,artificial
0.2909387046604411,7,0.0,artificial
0.164765777753152,12,0.0,artificial
0.8575930173402527,27,0.4,artificial
0.1073218281766302,32,0.6,artificial
0.3211608004993979,20,1.0,artificial
0.9347862059447828,16,0.3333333333333333,artificial
0.0873992159994349,14,0.0,artificial
0.4478644958823764,16,0.6666666666666666,artificial
0.9996973677348822,22,0.6666666666666666,artificial
0.9816632728673504,17,0.3333333333333333,artificial
0.7639418725570851,18,0.5,artificial
0.2436619116865374,17,0.5,artificial
0.0852878398810987,16,1.0,artificial
0.1226039571451583,22,0.6,artificial
0.3195598558981086,11,0.6666666666666666,artificial
0.0390438053526844,23,0.6,artificial
0.1063134779029698,8,0.0,artificial
0.6869348917279942,11,1.0,artificial
0.971491122170434,35,0.6,artificial
0.0758506810178664,16,0.5,artificial
0.9797356502490476,16,0.25,artificial
0.9941548239663988,13,0.6666666666666666,artificial
0.275162192600098,8,1.0,artificial
0.1416759010476928,12,0.5,artificial
0.129392557470041,14,0.0,artificial
0.0961062910794369,11,0.5,artificial
0.053824263252023,22,0.8,artificial
0.5626298236839837,12,0.6666666666666666,artificial
0.1311852352874414,16,0.0,artificial
0.4381610443487572,27,0.5,artificial
0.2314153425773294,8,0.0,artificial
0.847971736845304,12,1.0,artificial
0.7474781997253478,12,0.5,artificial
0.2159991993407792,18,0.5,artificial
0.2977428333109124,14,0.5,artificial
0.349265025180999,12,0.5,artificial
0.4930779931516278,15,0.0,artificial
0.3668716297334966,17,0.0,artificial
0.0476362906015995,7,0.5,artificial
0.6962350857437527,2,1.0,artificial
0.381189488764485,38,0.4,artificial
0.052112230754638,12,0.5,artificial
0.3774704517729438,24,0.6,artificial
0.4302391436853215,10,0.5,artificial
0.3006038551049815,24,0.75,artificial
0.9982754123218964,13,0.6666666666666666,artificial
0.1012553789819761,8,0.0,artificial
0.2126206746401533,22,1.0,artificial
0.6485244800759834,8,0.0,artificial
0.5289408650982516,28,0.25,artificial
0.4316597250922622,34,0.4,artificial
0.0512910137908446,13,0.6666666666666666,artificial
0.2574234564010824,16,0.6666666666666666,artificial
0.0367562586598912,16,0.6666666666666666,artificial
0.8356211062193024,24,0.2,artificial
0.5732717261581917,35,0.2,artificial
0.2590686831253304,21,0.6,artificial
0.4497924471808536,7,1.0,artificial
0.5056058050139833,14,0.0,artificial
0.5718872823932494,2,1.0,artificial
0.1659995444822939,9,0.0,artificial
0.664824989550357,20,0.3333333333333333,artificial
0.891553797653938,16,0.0,artificial
0.6855323185244958,18,0.3333333333333333,artificial
0.4269468291074377,14,0.6666666666666666,artificial
0.5526346173719416,12,0.5,artificial
0.499227598128161,14,1.0,artificial
0.9415734234025704,28,0.6,artificial
0.1000258354906963,12,0.5,artificial
0.5808257560445759,16,0.3333333333333333,artificial
0.7800562833510847,20,1.0,artificial
0.8974806456396219,14,0.0,artificial
0.1115610808444154,14,0.5,artificial
0.2444494712592934,14,1.0,artificial
0.5311895608249475,20,1.0,artificial
0.2625861000927236,26,0.2,artificial
0.0194248367846971,20,0.0,artificial
0.8300333074071325,8,1.0,artificial
0.8249036682330972,16,1.0,artificial
0.2618614916740213,14,0.3333333333333333,artificial
0.5219370829390173,21,1.0,artificial
0.76589812340546,30,0.2,artificial
0.2523949106021693,10,1.0,artificial
0.6333158563962762,6,0.5,artificial
0.8167409849712951,13,0.6666666666666666,artificial
0.1010716891428438,8,0.5,artificial
0.2831852167433228,12,0.5,artificial
0.5302136906636028,12,0.5,artificial
0.8326884585329908,10,0.0,artificial
0.92164836374156,8,0.5,artificial
0.1766659996154523,6,0.0,artificial
0.4672010966298802,12,0.5,artificial
0.5625828038889267,8,1.0,artificial
0.831146005688955,20,1.0,artificial
0.5786892285028518,20,0.5,artificial
0.5440592429681315,26,0.2,artificial
0.4920210085205819,7,0.6666666666666666,artificial
0.7776131565339651,10,0.0,artificial
0.7831833327010269,22,1.0,artificial
0.3645355633924003,30,0.4,artificial
0.8449144328113585,14,0.5,artificial
0.0650002909821851,10,0.5,artificial
0.8283317623196181,16,1.0,artificial
0.643066489539408,12,0.5,artificial
0.094173430724909,8,0.5,artificial
0.9408654735405054,8,0.0,artificial
0.8175162380291228,20,0.5,artificial
0.9690565490021636,16,0.0,artificial
0.850846515814517,10,1.0,artificial
0.3270245766276746,17,0.6666666666666666,artificial
0.3514617909732471,16,1.0,artificial
0.1522506714454544,15,0.6666666666666666,artificial
0.4252330075822225,15,0.8,artificial
0.5323323282054678,6,1.0,artificial
0.1437923458335738,8,0.5,artificial
0.4813509933268761,38,0.4,artificial
0.4751327306775827,40,0.2,artificial
0.8413558000679234,9,1.0,artificial
0.5230957033972766,10,0.0,artificial
0.8714948626787578,14,0.0,artificial
0.6686386154400991,18,0.3333333333333333,artificial
0.0347563722129993,20,0.8,artificial
0.7776385085249663,18,0.3333333333333333,artificial
0.0250463691450764,40,0.6,artificial
0.1211278249664522,17,0.4,artificial
0.6514368609969043,12,0.5,artificial
0.3598767113055869,10,0.0,artificial
0.2805824409906021,10,0.0,artificial
0.3558090133026492,7,0.0,artificial
0.9715739775238604,13,0.6666666666666666,artificial
0.6648982449455323,14,1.0,artificial
0.623124874255285,8,0.5,artificial
0.4737878795306025,14,0.3333333333333333,artificial
0.3989764767994556,32,0.2,artificial
0.1326953046210932,26,0.6666666666666666,artificial
0.3987109440353991,6,0.5,artificial
0.9698633831815444,17,0.75,artificial
0.6378202195988095,11,0.5,artificial
0.3085274425099861,24,0.5,artificial
0.7714879652816884,12,0.5,artificial
0.5453043793349185,13,0.3333333333333333,artificial
0.3008769916353726,12,0.0,artificial
0.5848634560812751,20,0.6,artificial
0.5816963470186473,18,0.6666666666666666,artificial
0.540326192588628,14,0.5,artificial
0.9596431051327716,16,0.5,artificial
0.6300887266785209,16,0.75,artificial
0.1009308972031098,1,0.0,artificial
0.5744477027646332,27,0.2,artificial
0.4999757712933024,30,0.6,artificial
0.3700351293947364,11,0.0,artificial
0.3920973840046478,17,0.6666666666666666,artificial
0.851094400694725,23,1.0,artificial
0.0401422409468659,12,0.5,artificial
0.366499021309668,17,0.5,artificial
0.0671483634831829,40,0.6,artificial
0.818572908741758,24,0.6,artificial
0.7076270235592292,12,0.5,artificial
0.3229777380941524,12,0.0,artificial
0.2789714095265452,16,1.0,artificial
0.9860934191846428,21,0.4,artificial
0.0829639405515197,32,0.6,artificial
0.4442327747801299,17,0.3333333333333333,artificial
0.3122031963164369,33,0.4,artificial
0.7228487178048093,17,0.6666666666666666,artificial
0.7396331226188552,23,0.6,artificial
0.2304062203819409,9,0.5,artificial
0.8492051184207787,10,0.5,artificial
0.0024186302636605,20,0.5,artificial
0.4626974933575203,27,0.6,artificial
0.8881389346506411,11,0.0,artificial
0.6666676697555104,19,0.4,artificial
0.5581076001173594,10,1.0,artificial
0.2623830716364517,21,0.2,artificial
0.8779312165953211,10,0.0,artificial
0.6330223940883396,12,0.5,artificial
0.8473527451846606,10,1.0,artificial
0.2274250401676868,5,1.0,artificial
0.3034653383304257,12,1.0,artificial
0.7515004332064973,25,1.0,artificial
0.0128012235894829,16,0.3333333333333333,artificial
0.8697093899314223,6,0.0,artificial
0.7825298685619694,14,1.0,artificial
0.56467749183963,28,0.2,artificial
0.1485340266657296,6,1.0,artificial
0.210314502361625,6,1.0,artificial
0.905644868138884,16,0.5,artificial
0.6499152263544953,12,1.0,artificial
0.0783116115450819,36,0.2,artificial
0.8337391915668041,15,0.75,artificial
0.5213030065163662,3,0.5,artificial
0.1012139887622912,10,0.5,artificial
0.6584119842153006,24,0.6666666666666666,artificial
0.6929275311010028,8,0.0,artificial
0.9100886931091052,16,1.0,artificial
0.4307120662774391,20,0.5,artificial
0.1908253072524969,14,0.5,artificial
0.5573329849903156,18,0.5,artificial
0.090592873659107,36,0.2,artificial
0.6190874688374914,13,1.0,artificial
0.5656606675777357,12,0.6666666666666666,artificial
0.2150838895081402,27,0.2,artificial
0.8880934124382505,13,0.6666666666666666,artificial
0.3647487323203916,14,0.0,artificial
0.4327986975184198,12,0.0,artificial
0.0087902185998637,12,0.0,artificial
0.4507424812924665,23,0.5,artificial
0.6784624274802489,10,1.0,artificial
0.6721018937357457,14,0.5,artificial
0.3899411497141433,6,1.0,artificial
0.4298786544890363,14,1.0,artificial
0.8034440300094442,9,0.6666666666666666,artificial
0.8933824905124652,26,0.6,artificial
0.4211003588493427,17,1.0,artificial
0.7507240558027604,14,0.5,artificial
0.0541667420951422,1,0.0,artificial
0.8875750212760353,26,0.2,artificial
0.8289032493499947,20,0.0,artificial
0.7227468058405067,8,0.0,artificial
0.4481382634813196,10,0.5,artificial
0.1019906582122511,16,0.0,artificial
0.7483741895364803,8,0.5,artificial
0.7740880927203809,13,1.0,artificial
0.7667537156733447,24,1.0,artificial
0.5697302058529584,14,0.5,artificial
0.2848653845246225,15,0.5,artificial
0.9171000499292682,14,0.5,artificial
0.7411918327264099,5,0.5,artificial
0.6728593182302653,20,0.6,artificial
0.159052428757623,10,0.0,artificial
0.2943972654191386,20,0.25,artificial
0.5701803707613863,10,0.5,artificial
0.7013174392474666,28,0.3333333333333333,artificial
0.3608891962525766,24,0.6666666666666666,artificial
0.4828281868617827,18,0.0,artificial
0.2978252568866375,23,0.6,artificial
0.904898175728492,17,0.3333333333333333,artificial
0.523109250391197,22,0.6666666666666666,artificial
0.3741076713964673,18,0.25,artificial
0.2521247945884289,8,0.0,artificial
0.9988988072753,21,0.6,artificial
0.1766065895552746,12,0.0,artificial
0.5045178729113693,4,0.5,artificial
0.8295176591006114,14,0.5,artificial
0.4366486932676551,23,0.0,artificial
0.6541901174340575,26,0.6666666666666666,artificial
0.3090166662773868,32,0.4,artificial
0.5998482032965388,14,0.5,artificial
0.6475064266848608,16,0.6666666666666666,artificial
0.7188067956027895,28,0.4,artificial
0.9318530702447724,8,1.0,artificial
0.3283256859915278,9,0.0,artificial
0.5940102537118236,10,0.5,artificial
0.8696831666281082,10,0.5,artificial
0.680070955329586,12,0.5,artificial
0.6761954304861779,16,0.6666666666666666,artificial
0.704956622357105,22,0.75,artificial
0.0457768580870113,14,0.6666666666666666,artificial
0.5344652747323663,6,1.0,artificial
0.5770654181378164,16,0.6666666666666666,artificial
0.2098018990006501,10,1.0,artificial
0.0389539362397951,15,0.5,artificial
0.0097064322156326,30,0.2,artificial
0.7238728155788443,34,0.0,artificial
0.7911403887860552,11,0.6666666666666666,artificial
0.5768813087070044,10,0.0,artificial
0.0382994937552562,13,0.3333333333333333,artificial
0.3169337742501943,38,0.6,artificial
0.2340555096260179,22,0.6666666666666666,artificial
0.2654988646705658,24,0.8,artificial
0.1399315614261105,6,0.0,artificial
0.7539544856644101,34,0.4,artificial
0.1450608774928358,24,0.6,artificial
0.1379846121612463,32,0.8,artificial
0.9209880965976164,12,0.6666666666666666,artificial
0.3201053718769863,5,0.5,artificial
0.9100155609868428,25,0.6,artificial
0.0286534665392104,10,0.5,artificial
0.8547685613913746,30,0.6,artificial
0.2345213885161278,16,0.0,artificial
0.6025380752981476,13,0.25,artificial
0.3038674159050668,8,0.5,artificial
0.3763497217926336,16,0.5,artificial
0.9092130115925516,13,0.0,artificial
0.2483487937556354,4,0.0,artificial
0.6056744396575152,10,1.0,artificial
0.5530290193857132,21,0.8,artificial
0.4530568811852029,14,0.75,artificial
0.0548987894430924,22,0.3333333333333333,artificial
0.2948799822454473,10,0.5,artificial
0.5364955462336483,6,0.5,artificial
0.9200064963620762,30,0.25,artificial
0.3584023920741103,8,1.0,artificial
0.6946006287197682,14,0.3333333333333333,artificial
0.446305579786356,10,0.0,artificial
0.9224458670032596,13,0.0,artificial
0.0010049681880697,19,0.25,artificial
0.7288729721972054,11,0.6666666666666666,artificial
0.2071494817967435,10,0.5,artificial
0.7265610514502253,15,0.0,artificial
0.7795695302107969,24,0.2,artificial
0.6527813911807917,22,0.3333333333333333,artificial
0.8105043411303433,22,0.25,artificial
0.3192551228388435,12,0.5,artificial
0.8484841802457033,9,0.5,artificial
0.9942739287368182,18,1.0,artificial
0.9528841166503312,14,0.0,artificial
0.2630804785480536,15,0.6666666666666666,artificial
0.1932221421630719,14,0.6666666666666666,artificial
0.9275823661112595,11,0.6666666666666666,artificial
0.6690022682671731,14,0.5,artificial
0.8046464942258449,9,1.0,artificial
0.5281666216281504,32,0.4,artificial
0.4308698815643637,16,0.0,artificial
0.0291455391830727,25,0.0,artificial
0.5660593278657081,13,0.6666666666666666,artificial
0.8958350702811515,26,0.6,artificial
0.6591703975558755,24,0.6,artificial
0.1137282127782205,6,0.0,artificial
0.4433299022370893,18,0.0,artificial
0.1017806820334851,26,0.8,artificial
0.9465991441561624,16,0.6666666666666666,artificial
0.7208269610006289,16,0.5,artificial
0.9679843269025356,14,0.5,artificial
0.6220864254234034,12,0.3333333333333333,artificial
0.7035770929941744,12,0.5,artificial
0.9506861141481676,20,0.2,artificial
0.7682669399985375,13,0.75,artificial
0.59056042871932,8,1.0,artificial
0.8555506689618217,26,0.6,artificial
0.3617916548971122,8,1.0,artificial
0.3061112956298144,22,0.25,artificial
0.3598794025647636,6,0.5,artificial
0.5030844567371803,20,0.5,artificial
0.8237256867667928,44,0.0,artificial
0.7942946819471391,12,0.5,artificial
0.1672877447155542,23,0.5,artificial
0.8361418499889294,14,1.0,artificial
0.7465536192724345,15,0.6666666666666666,artificial
0.8102676357848256,18,0.5,artificial
0.1761861176752902,13,0.3333333333333333,artificial
0.3937232819372496,14,0.5,artificial
0.2205692868178291,18,0.6666666666666666,artificial
0.8210138269782365,30,0.8,artificial
0.9871313657468772,22,0.6,artificial
0.0698403545287069,9,0.0,artificial
0.1325792290632885,14,0.0,artificial
0.069602904997968,8,0.0,artificial
0.2297356869058824,8,1.0,artificial
0.4477517120140675,10,0.5,artificial
0.4451289995817259,15,0.3333333333333333,artificial
0.564011295091284,12,0.5,artificial
0.6919415494755244,12,1.0,artificial
0.0633217091414289,11,0.6666666666666666,artificial
0.5839259197186676,18,0.75,artificial
0.2573818462706096,21,0.2,artificial
0.7967409554009767,9,1.0,artificial
0.4399920799855212,15,0.8,artificial
0.1185221720725983,7,0.5,artificial
0.0658942821144956,32,0.4,artificial
0.6879156136947377,16,0.5,artificial
0.8830537077471512,8,1.0,artificial
0.5844002951266374,8,0.0,artificial
0.3455637611192472,12,0.5,artificial
0.9138386653043992,10,1.0,artificial
0.10220252870743,16,1.0,artificial
0.3440594229631077,33,0.6,artificial
0.153628975105967,7,0.5,artificial
0.7470024934992205,22,0.4,artificial
0.346967234694463,22,0.4,artificial
0.7024515881612049,18,0.5,artificial
0.6053757278464834,17,0.75,artificial
0.1192651478749914,34,0.0,artificial
0.9048668275788808,30,0.8,artificial
0.0016344035934759,23,0.25,artificial
0.9770247650912708,18,0.5,artificial
0.8358688569327495,21,0.75,artificial
0.8743413103052824,16,0.0,artificial
0.7187566744484025,14,0.5,artificial
0.9566972279993156,26,0.2,artificial
0.6583385636514878,15,0.6666666666666666,artificial
0.0614734579776692,9,0.5,artificial
0.1266217794227191,40,0.2,artificial
0.5464426251356672,16,1.0,artificial
0.7388227284032545,32,0.4,artificial
0.6095596304239265,11,0.0,artificial
0.894728166422637,8,0.5,artificial
0.5110354138335257,18,1.0,artificial
0.8400876381908474,20,0.6666666666666666,artificial
0.2289360592160477,16,0.0,artificial
0.4617633299007224,17,0.6666666666666666,artificial
0.5923645398594133,36,0.6,artificial
0.1850176096953838,10,0.5,artificial
0.2413500688391616,18,0.5,artificial
0.2013580470875252,30,0.2,artificial
0.9202193943581592,8,0.5,artificial
0.441463928918793,8,1.0,artificial
0.4781343780284657,12,0.0,artificial
0.862613285556946,12,0.0,artificial
0.8006829823957426,17,0.3333333333333333,artificial
0.7204988515632932,14,1.0,artificial
0.7677535543752871,12,1.0,artificial
0.5139366357517233,6,0.0,artificial
0.3534241396604904,23,0.25,artificial
0.8429018504407543,16,1.0,artificial
0.8965723475811905,18,0.0,artificial
0.3642885839615644,11,1.0,artificial
0.853621857896251,8,1.0,artificial
0.6837312211489225,9,0.3333333333333333,artificial
0.9426111378587964,8,1.0,artificial
0.2432017341559269,8,0.5,artificial
0.5492182123457224,38,0.2,artificial
0.1529087477226285,36,0.2,artificial
0.4083886042714441,7,0.5,artificial
0.5831312593133552,8,0.5,artificial
0.0927957366052283,24,0.3333333333333333,artificial
0.3115503468353388,27,1.0,artificial
0.5898031271149874,12,1.0,artificial
0.6380314762671527,20,0.0,artificial
0.0495269659913135,4,0.0,artificial
0.473817972965563,8,1.0,artificial
0.2089858797422333,21,0.25,artificial
0.4842623003968425,3,0.5,artificial
0.464052894560681,10,0.5,artificial
0.6275729195414965,12,0.5,artificial
0.4176643076623885,24,0.6,artificial
0.3903436164792025,22,0.4,artificial
0.6700246676256882,28,0.4,artificial
0.9135419145597424,25,0.0,artificial
0.558860390489297,20,0.6666666666666666,artificial
0.9598092111689122,21,0.3333333333333333,artificial
0.9438633341077832,14,1.0,artificial
0.7697481201820235,25,0.75,artificial
0.0432999535917116,24,0.5,artificial
0.4056478965460887,4,1.0,artificial
0.9086932781327746,13,0.3333333333333333,artificial
0.9028498968123522,23,0.0,artificial
0.8533073024806807,6,0.0,artificial
0.4224242701157691,22,0.4,artificial
0.9542004163335618,17,0.6666666666666666,artificial
0.6378838921030683,10,0.5,artificial
0.0729855575094313,10,0.5,artificial
0.7745838964594857,15,0.6666666666666666,artificial
0.2916562288201167,20,0.0,artificial
0.1550017268025768,16,0.5,artificial
0.5124495214120974,17,0.3333333333333333,artificial
0.5355638719255185,22,0.6,artificial
0.7156357174060503,16,0.5,artificial
0.7826696735014907,6,0.0,artificial
0.218657538300847,40,0.2,artificial
0.1548540248489829,11,0.3333333333333333,artificial
0.5527101236837068,12,0.0,artificial
0.2679491473968339,24,0.0,artificial
0.170768934556549,10,1.0,artificial
0.5549596634261739,8,0.5,artificial
0.4433912337695855,17,0.6666666666666666,artificial
0.2562091995206763,8,0.0,artificial
0.4884535999605605,14,0.0,artificial
0.0854563339937001,20,0.6,artificial
0.3380142206029155,20,0.6666666666666666,artificial
0.9762553854666997,34,0.8,artificial
0.8977972771426287,16,0.3333333333333333,artificial
0.0951426897238544,12,0.0,artificial
0.1127816260041807,24,0.6666666666666666,artificial
0.65347473751094,14,0.6666666666666666,artificial
0.2863269796457164,26,0.6,artificial
0.7275029309794158,24,0.25,artificial
0.5749795852746492,8,0.0,artificial
0.8365154421793609,38,0.6,artificial
0.5664443372139366,14,0.5,artificial
0.6316384290523893,14,1.0,artificial
0.8335935371384947,8,1.0,artificial
0.5736455097212969,26,0.2,artificial
0.9091724543288062,16,0.5,artificial
0.3797189155720814,12,1.0,artificial
0.1091802414866002,14,0.6666666666666666,artificial
0.4004113263093619,14,1.0,artificial
0.5782706063420332,33,0.4,artificial
0.1568949105512141,30,0.8,artificial
0.7949223925514693,18,0.75,artificial
0.02844393642224,12,0.5,artificial
0.3275906715367175,13,0.6666666666666666,artificial
0.9694546094104928,22,0.5,artificial
0.1489863135659006,16,1.0,artificial
0.2025510463098654,7,0.5,artificial
0.6749001308168097,30,0.6,artificial
0.9374468208412476,26,0.75,artificial
0.8325320189610707,24,0.6666666666666666,artificial
0.7727850362161868,15,0.0,artificial
0.143690623196847,10,0.0,artificial
0.9629155656167424,6,0.5,artificial
0.4252807721095309,6,1.0,artificial
0.8126387484732266,26,0.0,artificial
0.5727897428524099,34,0.2,artificial
0.7104100541703461,25,0.4,artificial
0.6600168968092114,25,0.75,artificial
0.9853836844898106,16,1.0,artificial
0.8754966068127873,4,0.0,artificial
0.3129407093504122,10,0.0,artificial
0.6995254512850065,20,0.5,artificial
0.6157910231823351,8,0.5,artificial
0.1166177893164672,16,0.75,artificial
0.5726755723411908,27,0.0,artificial
